Report_Name	Item Report																																								
Report_ID	IR																																								
Release	5.1																																								
Institution_Name	Sample Institution																																								
Institution_ID	ISNI:1234123412341234																																								
Metric_Types																																									
Report_Filters																																									
Report_Attributes	Attributes_To_Show=Authors|Publication_Date|Article_Version|YOP|Access_Type|Access_Method; Include_Parent_Details=True																																								
Exceptions																																									
Reporting_Period	Begin_Date=2022-01-01; End_Date=2022-12-31																																								
Created	2023-02-15T09:11:12Z																																								
Created_By	Sample Publisher																																								
Registry_Record	https://registry.projectcounter.org/platform/99999999-9999-9999-9999-999999999999																																								
																																									
Item	Publisher	Publisher_ID	Platform	Authors	Publication_Date	Article_Version	DOI	Proprietary_ID	ISBN	Print_ISSN	Online_ISSN	URI	Parent_Title	Parent_Authors	Parent_Publication_Date	Parent_Article_Version	Parent_Data_Type	Parent_DOI	Parent_Proprietary_ID	Parent_ISBN	Parent_Print_ISSN	Parent_Online_ISSN	Parent_URI	Data_Type	YOP	Access_Type	Access_Method	Metric_Type	Reporting_Period_Total	Jan-2022	Feb-2022	Mar-2022	Apr-2022	May-2022	Jun-2022	Jul-2022	Aug-2022	Sep-2022	Oct-2022	Nov-2022	Dec-2022
Item 1	Sample Publisher	ISNI:4321432143214321	Platform 1	Author 1	2022-07-19		10.9999/xxxxi01	P1:I01				https://doi.org/10.9999/xxxxi01												Article	2022	Open	Regular	Total_Item_Investigations	17409	1461	1704	1475	1343	1284	1002	1533	1460	1505	1502	1263	1877
Item 1	Sample Publisher	ISNI:4321432143214321	Platform 1	Author 1	2022-07-19		10.9999/xxxxi01	P1:I01				https://doi.org/10.9999/xxxxi01												Article	2022	Open	Regular	Total_Item_Requests	10445	877	1022	885	806	770	601	920	876	903	901	758	1126
Item 1	Sample Publisher	ISNI:4321432143214321	Platform 1	Author 1	2022-07-19		10.9999/xxxxi01	P1:I01				https://doi.org/10.9999/xxxxi01												Article	2022	Open	Regular	Unique_Item_Investigations	13058	1096	1278	1106	1007	963	752	1150	1095	1129	1127	947	1408
Item 1	Sample Publisher	ISNI:4321432143214321	Platform 1	Author 1	2022-07-19		10.9999/xxxxi01	P1:I01				https://doi.org/10.9999/xxxxi01												Article	2022	Open	Regular	Unique_Item_Requests	7837	658	767	664	605	578	451	690	657	677	676	569	845
Item 1	Sample Publisher	ISNI:4321432143214321	Platform 1	Author 1	2022-07-19		10.9999/xxxxi01	P1:I01				https://doi.org/10.9999/xxxxi01												Article	2022	Open	TDM	Total_Item_Investigations	17583	1328	1617	1036	1145	1195	1727	1151	1779	1610	1299	1828	1868
Item 1	Sample Publisher	ISNI:4321432143214321	Platform 1	Author 1	2022-07-19		10.9999/xxxxi01	P1:I01				https://doi.org/10.9999/xxxxi01												Article	2022	Open	TDM	Total_Item_Requests	10550	797	970	622	687	717	1036	691	1067	966	779	1097	1121
Item 1	Sample Publisher	ISNI:4321432143214321	Platform 1	Author 1	2022-07-19		10.9999/xxxxi01	P1:I01				https://doi.org/10.9999/xxxxi01												Article	2022	Open	TDM	Unique_Item_Investigations	13187	996	1213	777	859	896	1295	863	1334	1208	974	1371	1401
Item 1	Sample Publisher	ISNI:4321432143214321	Platform 1	Author 1	2022-07-19		10.9999/xxxxi01	P1:I01				https://doi.org/10.9999/xxxxi01												Article	2022	Open	TDM	Unique_Item_Requests	7914	598	728	467	515	538	777	518	800	725	584	823	841
Item 2	Sample Publisher	ISNI:4321432143214321	Platform 1	Author 2	2021-02-21		10.9999/xxxxi02	P1:I02				https://doi.org/10.9999/xxxxi02												Audiovisual	2021	Controlled	Regular	Limit_Exceeded	790	53	53	64	85	85	59	45	80	77	84	48	57
Item 2	Sample Publisher	ISNI:4321432143214321	Platform 1	Author 2	2021-02-21		10.9999/xxxxi02	P1:I02				https://doi.org/10.9999/xxxxi02												Audiovisual	2021	Controlled	Regular	No_License	727	30	90	58	40	79	56	87	86	46	55	66	34
Item 2	Sample Publisher	ISNI:4321432143214321	Platform 1	Author 2	2021-02-21		10.9999/xxxxi02	P1:I02				https://doi.org/10.9999/xxxxi02												Audiovisual	2021	Controlled	Regular	Total_Item_Investigations	16642	1279	1323	1826	1193	1096	1110	1264	1116	1998	1885	1478	1074
Item 2	Sample Publisher	ISNI:4321432143214321	Platform 1	Author 2	2021-02-21		10.9999/xxxxi02	P1:I02				https://doi.org/10.9999/xxxxi02												Audiovisual	2021	Controlled	Regular	Total_Item_Requests	9986	767	794	1096	716	658	666	758	670	1199	1131	887	644
Item 2	Sample Publisher	ISNI:4321432143214321	Platform 1	Author 2	2021-02-21		10.9999/xxxxi02	P1:I02				https://doi.org/10.9999/xxxxi02												Audiovisual	2021	Controlled	Regular	Unique_Item_Investigations	12484	959	992	1370	895	822	833	948	837	1499	1414	1109	806
Item 2	Sample Publisher	ISNI:4321432143214321	Platform 1	Author 2	2021-02-21		10.9999/xxxxi02	P1:I02				https://doi.org/10.9999/xxxxi02												Audiovisual	2021	Controlled	Regular	Unique_Item_Requests	7491	575	596	822	537	494	500	569	503	899	848	665	483
Item 2	Sample Publisher	ISNI:4321432143214321	Platform 1	Author 2	2021-02-21		10.9999/xxxxi02	P1:I02				https://doi.org/10.9999/xxxxi02												Audiovisual	2021	Controlled	TDM	Limit_Exceeded	680	82	34	51	71	36	49	87	82	55	64	31	38
Item 2	Sample Publisher	ISNI:4321432143214321	Platform 1	Author 2	2021-02-21		10.9999/xxxxi02	P1:I02				https://doi.org/10.9999/xxxxi02												Audiovisual	2021	Controlled	TDM	No_License	778	79	70	84	45	52	64	86	32	79	73	76	38
Item 2	Sample Publisher	ISNI:4321432143214321	Platform 1	Author 2	2021-02-21		10.9999/xxxxi02	P1:I02				https://doi.org/10.9999/xxxxi02												Audiovisual	2021	Controlled	TDM	Total_Item_Investigations	17181	1225	1560	1309	1466	1083	1185	1037	1508	1973	1173	1887	1775
Item 2	Sample Publisher	ISNI:4321432143214321	Platform 1	Author 2	2021-02-21		10.9999/xxxxi02	P1:I02				https://doi.org/10.9999/xxxxi02												Audiovisual	2021	Controlled	TDM	Total_Item_Requests	10309	735	936	785	880	650	711	622	905	1184	704	1132	1065
Item 2	Sample Publisher	ISNI:4321432143214321	Platform 1	Author 2	2021-02-21		10.9999/xxxxi02	P1:I02				https://doi.org/10.9999/xxxxi02												Audiovisual	2021	Controlled	TDM	Unique_Item_Investigations	12887	919	1170	982	1100	812	889	778	1131	1480	880	1415	1331
Item 2	Sample Publisher	ISNI:4321432143214321	Platform 1	Author 2	2021-02-21		10.9999/xxxxi02	P1:I02				https://doi.org/10.9999/xxxxi02												Audiovisual	2021	Controlled	TDM	Unique_Item_Requests	7733	551	702	589	660	488	533	467	679	888	528	849	799
Item 3	Sample Publisher	ISNI:4321432143214321	Platform 1	Author 3	2022-07-24		10.9999/xxxxi03	P1:I03				https://doi.org/10.9999/xxxxi03	Title 1				Book	10.9999/xxxxt01	P1:T01	979-8-88888-888-8			https://doi.org/10.9999/xxxxt01	Book_Segment	2022	Controlled	Regular	Limit_Exceeded	686	49	90	40	86	81	33	31	67	84	53	38	34
Item 3	Sample Publisher	ISNI:4321432143214321	Platform 1	Author 3	2022-07-24		10.9999/xxxxi03	P1:I03				https://doi.org/10.9999/xxxxi03	Title 1				Book	10.9999/xxxxt01	P1:T01	979-8-88888-888-8			https://doi.org/10.9999/xxxxt01	Book_Segment	2022	Controlled	Regular	No_License	764	50	84	47	81	45	80	41	51	88	67	46	84
Item 3	Sample Publisher	ISNI:4321432143214321	Platform 1	Author 3	2022-07-24		10.9999/xxxxi03	P1:I03				https://doi.org/10.9999/xxxxi03	Title 1				Book	10.9999/xxxxt01	P1:T01	979-8-88888-888-8			https://doi.org/10.9999/xxxxt01	Book_Segment	2022	Controlled	Regular	Total_Item_Investigations	16373	1104	1246	1329	1453	1166	1470	1758	1593	1066	1711	1432	1045
Item 3	Sample Publisher	ISNI:4321432143214321	Platform 1	Author 3	2022-07-24		10.9999/xxxxi03	P1:I03				https://doi.org/10.9999/xxxxi03	Title 1				Book	10.9999/xxxxt01	P1:T01	979-8-88888-888-8			https://doi.org/10.9999/xxxxt01	Book_Segment	2022	Controlled	Regular	Total_Item_Requests	9825	662	748	797	872	700	882	1055	956	640	1027	859	627
Item 3	Sample Publisher	ISNI:4321432143214321	Platform 1	Author 3	2022-07-24		10.9999/xxxxi03	P1:I03				https://doi.org/10.9999/xxxxi03	Title 1				Book	10.9999/xxxxt01	P1:T01	979-8-88888-888-8			https://doi.org/10.9999/xxxxt01	Book_Segment	2022	Controlled	Regular	Unique_Item_Investigations	12283	828	935	997	1090	875	1103	1319	1195	800	1283	1074	784
Item 3	Sample Publisher	ISNI:4321432143214321	Platform 1	Author 3	2022-07-24		10.9999/xxxxi03	P1:I03				https://doi.org/10.9999/xxxxi03	Title 1				Book	10.9999/xxxxt01	P1:T01	979-8-88888-888-8			https://doi.org/10.9999/xxxxt01	Book_Segment	2022	Controlled	Regular	Unique_Item_Requests	7369	497	561	598	654	525	662	791	717	480	770	644	470
Item 3	Sample Publisher	ISNI:4321432143214321	Platform 1	Author 3	2022-07-24		10.9999/xxxxi03	P1:I03				https://doi.org/10.9999/xxxxi03	Title 1				Book	10.9999/xxxxt01	P1:T01	979-8-88888-888-8			https://doi.org/10.9999/xxxxt01	Book_Segment	2022	Controlled	TDM	Limit_Exceeded	654	47	35	53	44	37	59	56	43	69	86	87	38
Item 3	Sample Publisher	ISNI:4321432143214321	Platform 1	Author 3	2022-07-24		10.9999/xxxxi03	P1:I03				https://doi.org/10.9999/xxxxi03	Title 1				Book	10.9999/xxxxt01	P1:T01	979-8-88888-888-8			https://doi.org/10.9999/xxxxt01	Book_Segment	2022	Controlled	TDM	No_License	748	54	81	70	83	62	78	44	63	35	84	64	30
Item 3	Sample Publisher	ISNI:4321432143214321	Platform 1	Author 3	2022-07-24		10.9999/xxxxi03	P1:I03				https://doi.org/10.9999/xxxxi03	Title 1				Book	10.9999/xxxxt01	P1:T01	979-8-88888-888-8			https://doi.org/10.9999/xxxxt01	Book_Segment	2022	Controlled	TDM	Total_Item_Investigations	16693	1429	1947	1397	1113	1291	1569	1379	1187	1263	1527	1254	1337
Item 3	Sample Publisher	ISNI:4321432143214321	Platform 1	Author 3	2022-07-24		10.9999/xxxxi03	P1:I03				https://doi.org/10.9999/xxxxi03	Title 1				Book	10.9999/xxxxt01	P1:T01	979-8-88888-888-8			https://doi.org/10.9999/xxxxt01	Book_Segment	2022	Controlled	TDM	Total_Item_Requests	10014	857	1168	838	668	775	941	827	712	758	916	752	802
Item 3	Sample Publisher	ISNI:4321432143214321	Platform 1	Author 3	2022-07-24		10.9999/xxxxi03	P1:I03				https://doi.org/10.9999/xxxxi03	Title 1				Book	10.9999/xxxxt01	P1:T01	979-8-88888-888-8			https://doi.org/10.9999/xxxxt01	Book_Segment	2022	Controlled	TDM	Unique_Item_Investigations	12520	1072	1460	1048	835	968	1177	1034	890	947	1145	941	1003
Item 3	Sample Publisher	ISNI:4321432143214321	Platform 1	Author 3	2022-07-24		10.9999/xxxxi03	P1:I03				https://doi.org/10.9999/xxxxi03	Title 1				Book	10.9999/xxxxt01	P1:T01	979-8-88888-888-8			https://doi.org/10.9999/xxxxt01	Book_Segment	2022	Controlled	TDM	Unique_Item_Requests	7512	643	876	629	501	581	706	620	534	569	687	564	602
Item 4	Sample Publisher	ISNI:4321432143214321	Platform 1	Author 4	2019-08-17		10.9999/xxxxi04	P1:I04				https://doi.org/10.9999/xxxxi04												Book_Segment	2019	Controlled	Regular	Limit_Exceeded	786	50	43	68	90	82	72	89	88	41	77	50	36
Item 4	Sample Publisher	ISNI:4321432143214321	Platform 1	Author 4	2019-08-17		10.9999/xxxxi04	P1:I04				https://doi.org/10.9999/xxxxi04												Book_Segment	2019	Controlled	Regular	No_License	694	33	68	58	54	46	69	60	56	45	71	75	59
Item 4	Sample Publisher	ISNI:4321432143214321	Platform 1	Author 4	2019-08-17		10.9999/xxxxi04	P1:I04				https://doi.org/10.9999/xxxxi04												Book_Segment	2019	Controlled	Regular	Total_Item_Investigations	17708	1156	1289	1821	1126	1412	1750	1477	1939	1875	1343	1336	1184
Item 4	Sample Publisher	ISNI:4321432143214321	Platform 1	Author 4	2019-08-17		10.9999/xxxxi04	P1:I04				https://doi.org/10.9999/xxxxi04												Book_Segment	2019	Controlled	Regular	Total_Item_Requests	10625	694	773	1093	676	847	1050	886	1163	1125	806	802	710
Item 4	Sample Publisher	ISNI:4321432143214321	Platform 1	Author 4	2019-08-17		10.9999/xxxxi04	P1:I04				https://doi.org/10.9999/xxxxi04												Book_Segment	2019	Controlled	Regular	Unique_Item_Investigations	13282	867	967	1366	845	1059	1313	1108	1454	1406	1007	1002	888
Item 4	Sample Publisher	ISNI:4321432143214321	Platform 1	Author 4	2019-08-17		10.9999/xxxxi04	P1:I04				https://doi.org/10.9999/xxxxi04												Book_Segment	2019	Controlled	Regular	Unique_Item_Requests	7972	521	580	820	507	635	788	665	872	844	605	602	533
Item 4	Sample Publisher	ISNI:4321432143214321	Platform 1	Author 4	2019-08-17		10.9999/xxxxi04	P1:I04				https://doi.org/10.9999/xxxxi04												Book_Segment	2019	Controlled	TDM	Limit_Exceeded	729	44	72	67	71	56	52	61	88	40	48	78	52
Item 4	Sample Publisher	ISNI:4321432143214321	Platform 1	Author 4	2019-08-17		10.9999/xxxxi04	P1:I04				https://doi.org/10.9999/xxxxi04												Book_Segment	2019	Controlled	TDM	No_License	675	63	78	56	62	49	39	59	53	31	85	35	65
Item 4	Sample Publisher	ISNI:4321432143214321	Platform 1	Author 4	2019-08-17		10.9999/xxxxi04	P1:I04				https://doi.org/10.9999/xxxxi04												Book_Segment	2019	Controlled	TDM	Total_Item_Investigations	18473	1410	1329	1974	1758	1094	1811	1421	1274	1770	1528	1640	1464
Item 4	Sample Publisher	ISNI:4321432143214321	Platform 1	Author 4	2019-08-17		10.9999/xxxxi04	P1:I04				https://doi.org/10.9999/xxxxi04												Book_Segment	2019	Controlled	TDM	Total_Item_Requests	11083	846	797	1184	1055	656	1087	853	764	1062	917	984	878
Item 4	Sample Publisher	ISNI:4321432143214321	Platform 1	Author 4	2019-08-17		10.9999/xxxxi04	P1:I04				https://doi.org/10.9999/xxxxi04												Book_Segment	2019	Controlled	TDM	Unique_Item_Investigations	13858	1058	997	1481	1319	821	1358	1066	956	1328	1146	1230	1098
Item 4	Sample Publisher	ISNI:4321432143214321	Platform 1	Author 4	2019-08-17		10.9999/xxxxi04	P1:I04				https://doi.org/10.9999/xxxxi04												Book_Segment	2019	Controlled	TDM	Unique_Item_Requests	8314	635	598	888	791	492	815	640	573	797	688	738	659
Item 5	Sample Publisher	ISNI:4321432143214321	Platform 1	Author 5	2021-07-25		10.9999/xxxxi05	P1:I05				https://doi.org/10.9999/xxxxi05	Title 2				Conference	10.9999/xxxxt02	P1:T02			1234-1234	https://doi.org/10.9999/xxxxt02	Conference_Item	2021	Controlled	Regular	Limit_Exceeded	820	43	87	35	86	78	77	75	75	52	71	51	90
Item 5	Sample Publisher	ISNI:4321432143214321	Platform 1	Author 5	2021-07-25		10.9999/xxxxi05	P1:I05				https://doi.org/10.9999/xxxxi05	Title 2				Conference	10.9999/xxxxt02	P1:T02			1234-1234	https://doi.org/10.9999/xxxxt02	Conference_Item	2021	Controlled	Regular	No_License	794	66	73	41	85	71	68	79	76	76	44	43	72
Item 5	Sample Publisher	ISNI:4321432143214321	Platform 1	Author 5	2021-07-25		10.9999/xxxxi05	P1:I05				https://doi.org/10.9999/xxxxi05	Title 2				Conference	10.9999/xxxxt02	P1:T02			1234-1234	https://doi.org/10.9999/xxxxt02	Conference_Item	2021	Controlled	Regular	Total_Item_Investigations	17627	1253	1070	1319	1225	1780	1210	1401	1531	1471	1550	1849	1968
Item 5	Sample Publisher	ISNI:4321432143214321	Platform 1	Author 5	2021-07-25		10.9999/xxxxi05	P1:I05				https://doi.org/10.9999/xxxxi05	Title 2				Conference	10.9999/xxxxt02	P1:T02			1234-1234	https://doi.org/10.9999/xxxxt02	Conference_Item	2021	Controlled	Regular	Total_Item_Requests	10577	752	642	791	735	1068	726	841	919	883	930	1109	1181
Item 5	Sample Publisher	ISNI:4321432143214321	Platform 1	Author 5	2021-07-25		10.9999/xxxxi05	P1:I05				https://doi.org/10.9999/xxxxi05	Title 2				Conference	10.9999/xxxxt02	P1:T02			1234-1234	https://doi.org/10.9999/xxxxt02	Conference_Item	2021	Controlled	Regular	Unique_Item_Investigations	13222	940	803	989	919	1335	908	1051	1148	1103	1163	1387	1476
Item 5	Sample Publisher	ISNI:4321432143214321	Platform 1	Author 5	2021-07-25		10.9999/xxxxi05	P1:I05				https://doi.org/10.9999/xxxxi05	Title 2				Conference	10.9999/xxxxt02	P1:T02			1234-1234	https://doi.org/10.9999/xxxxt02	Conference_Item	2021	Controlled	Regular	Unique_Item_Requests	7934	564	482	593	551	801	545	631	689	662	698	832	886
Item 5	Sample Publisher	ISNI:4321432143214321	Platform 1	Author 5	2021-07-25		10.9999/xxxxi05	P1:I05				https://doi.org/10.9999/xxxxi05	Title 2				Conference	10.9999/xxxxt02	P1:T02			1234-1234	https://doi.org/10.9999/xxxxt02	Conference_Item	2021	Controlled	TDM	Limit_Exceeded	701	77	32	75	30	49	56	45	50	90	73	88	36
Item 5	Sample Publisher	ISNI:4321432143214321	Platform 1	Author 5	2021-07-25		10.9999/xxxxi05	P1:I05				https://doi.org/10.9999/xxxxi05	Title 2				Conference	10.9999/xxxxt02	P1:T02			1234-1234	https://doi.org/10.9999/xxxxt02	Conference_Item	2021	Controlled	TDM	No_License	698	57	90	76	58	35	32	61	73	34	74	70	38
Item 5	Sample Publisher	ISNI:4321432143214321	Platform 1	Author 5	2021-07-25		10.9999/xxxxi05	P1:I05				https://doi.org/10.9999/xxxxi05	Title 2				Conference	10.9999/xxxxt02	P1:T02			1234-1234	https://doi.org/10.9999/xxxxt02	Conference_Item	2021	Controlled	TDM	Total_Item_Investigations	17145	1350	1288	1411	1943	1295	1234	1539	1250	1688	1145	1546	1456
Item 5	Sample Publisher	ISNI:4321432143214321	Platform 1	Author 5	2021-07-25		10.9999/xxxxi05	P1:I05				https://doi.org/10.9999/xxxxi05	Title 2				Conference	10.9999/xxxxt02	P1:T02			1234-1234	https://doi.org/10.9999/xxxxt02	Conference_Item	2021	Controlled	TDM	Total_Item_Requests	10288	810	773	847	1166	777	740	923	750	1013	687	928	874
Item 5	Sample Publisher	ISNI:4321432143214321	Platform 1	Author 5	2021-07-25		10.9999/xxxxi05	P1:I05				https://doi.org/10.9999/xxxxi05	Title 2				Conference	10.9999/xxxxt02	P1:T02			1234-1234	https://doi.org/10.9999/xxxxt02	Conference_Item	2021	Controlled	TDM	Unique_Item_Investigations	12860	1013	966	1058	1457	971	926	1154	938	1266	859	1160	1092
Item 5	Sample Publisher	ISNI:4321432143214321	Platform 1	Author 5	2021-07-25		10.9999/xxxxi05	P1:I05				https://doi.org/10.9999/xxxxi05	Title 2				Conference	10.9999/xxxxt02	P1:T02			1234-1234	https://doi.org/10.9999/xxxxt02	Conference_Item	2021	Controlled	TDM	Unique_Item_Requests	7718	608	580	635	875	583	555	692	563	760	515	696	656
Item 6	Sample Publisher	ISNI:4321432143214321	Platform 1	Author 6	2020-08-09		10.9999/xxxxi06	P1:I06				https://doi.org/10.9999/xxxxi06												Conference_Item	2020	Free_To_Read	Regular	Total_Item_Investigations	17617	1877	1261	1335	1744	1469	1159	1029	1586	1939	1873	1055	1290
Item 6	Sample Publisher	ISNI:4321432143214321	Platform 1	Author 6	2020-08-09		10.9999/xxxxi06	P1:I06				https://doi.org/10.9999/xxxxi06												Conference_Item	2020	Free_To_Read	Regular	Total_Item_Requests	10569	1126	757	801	1046	881	695	617	952	1163	1124	633	774
Item 6	Sample Publisher	ISNI:4321432143214321	Platform 1	Author 6	2020-08-09		10.9999/xxxxi06	P1:I06				https://doi.org/10.9999/xxxxi06												Conference_Item	2020	Free_To_Read	Regular	Unique_Item_Investigations	13214	1408	946	1001	1308	1102	869	772	1190	1454	1405	791	968
Item 6	Sample Publisher	ISNI:4321432143214321	Platform 1	Author 6	2020-08-09		10.9999/xxxxi06	P1:I06				https://doi.org/10.9999/xxxxi06												Conference_Item	2020	Free_To_Read	Regular	Unique_Item_Requests	7929	845	568	601	785	661	521	463	714	872	843	475	581
Item 6	Sample Publisher	ISNI:4321432143214321	Platform 1	Author 6	2020-08-09		10.9999/xxxxi06	P1:I06				https://doi.org/10.9999/xxxxi06												Conference_Item	2020	Free_To_Read	TDM	Total_Item_Investigations	18289	1086	1817	1376	1359	1672	1544	1457	1737	1984	1630	1117	1510
Item 6	Sample Publisher	ISNI:4321432143214321	Platform 1	Author 6	2020-08-09		10.9999/xxxxi06	P1:I06				https://doi.org/10.9999/xxxxi06												Conference_Item	2020	Free_To_Read	TDM	Total_Item_Requests	10972	652	1090	826	815	1003	926	874	1042	1190	978	670	906
Item 6	Sample Publisher	ISNI:4321432143214321	Platform 1	Author 6	2020-08-09		10.9999/xxxxi06	P1:I06				https://doi.org/10.9999/xxxxi06												Conference_Item	2020	Free_To_Read	TDM	Unique_Item_Investigations	13719	815	1363	1032	1019	1254	1158	1093	1303	1488	1223	838	1133
Item 6	Sample Publisher	ISNI:4321432143214321	Platform 1	Author 6	2020-08-09		10.9999/xxxxi06	P1:I06				https://doi.org/10.9999/xxxxi06												Conference_Item	2020	Free_To_Read	TDM	Unique_Item_Requests	8233	489	818	620	611	752	695	656	782	893	734	503	680
Item 7	Sample Publisher	ISNI:4321432143214321	Platform 1	Author 7	2021-05-28		10.9999/xxxxi07	P1:I07				https://doi.org/10.9999/xxxxi07	Database 3				Database_Full		P1:DB3					Database_Full_Item	2021	Controlled	Regular	Limit_Exceeded	519	69	73	67	37	13	43	21	20	43	40	38	55
Item 7	Sample Publisher	ISNI:4321432143214321	Platform 1	Author 7	2021-05-28		10.9999/xxxxi07	P1:I07				https://doi.org/10.9999/xxxxi07	Database 3				Database_Full		P1:DB3					Database_Full_Item	2021	Controlled	Regular	No_License	499	43	12	18	51	22	25	78	43	72	40	69	26
Item 7	Sample Publisher	ISNI:4321432143214321	Platform 1	Author 7	2021-05-28		10.9999/xxxxi07	P1:I07				https://doi.org/10.9999/xxxxi07	Database 3				Database_Full		P1:DB3					Database_Full_Item	2021	Controlled	Regular	Total_Item_Investigations	16981	1094	1325	1730	1062	1278	1861	1252	1371	1890	1462	1231	1425
Item 7	Sample Publisher	ISNI:4321432143214321	Platform 1	Author 7	2021-05-28		10.9999/xxxxi07	P1:I07				https://doi.org/10.9999/xxxxi07	Database 3				Database_Full		P1:DB3					Database_Full_Item	2021	Controlled	Regular	Total_Item_Requests	10189	656	795	1038	637	767	1117	751	823	1134	877	739	855
Item 7	Sample Publisher	ISNI:4321432143214321	Platform 1	Author 7	2021-05-28		10.9999/xxxxi07	P1:I07				https://doi.org/10.9999/xxxxi07	Database 3				Database_Full		P1:DB3					Database_Full_Item	2021	Controlled	Regular	Unique_Item_Investigations	12739	821	994	1298	797	959	1396	939	1028	1418	1097	923	1069
Item 7	Sample Publisher	ISNI:4321432143214321	Platform 1	Author 7	2021-05-28		10.9999/xxxxi07	P1:I07				https://doi.org/10.9999/xxxxi07	Database 3				Database_Full		P1:DB3					Database_Full_Item	2021	Controlled	Regular	Unique_Item_Requests	7642	492	596	779	478	575	838	563	617	851	658	554	641
Item 7	Sample Publisher	ISNI:4321432143214321	Platform 1	Author 7	2021-05-28		10.9999/xxxxi07	P1:I07				https://doi.org/10.9999/xxxxi07	Database 3				Database_Full		P1:DB3					Database_Full_Item	2021	Controlled	TDM	Limit_Exceeded	558	36	34	68	63	72	24	73	55	23	16	60	34
Item 7	Sample Publisher	ISNI:4321432143214321	Platform 1	Author 7	2021-05-28		10.9999/xxxxi07	P1:I07				https://doi.org/10.9999/xxxxi07	Database 3				Database_Full		P1:DB3					Database_Full_Item	2021	Controlled	TDM	No_License	558	64	71	30	56	48	22	65	19	68	34	20	61
Item 7	Sample Publisher	ISNI:4321432143214321	Platform 1	Author 7	2021-05-28		10.9999/xxxxi07	P1:I07				https://doi.org/10.9999/xxxxi07	Database 3				Database_Full		P1:DB3					Database_Full_Item	2021	Controlled	TDM	Total_Item_Investigations	16987	1361	1072	1032	1330	1558	1351	1739	1430	1810	1228	1865	1211
Item 7	Sample Publisher	ISNI:4321432143214321	Platform 1	Author 7	2021-05-28		10.9999/xxxxi07	P1:I07				https://doi.org/10.9999/xxxxi07	Database 3				Database_Full		P1:DB3					Database_Full_Item	2021	Controlled	TDM	Total_Item_Requests	10193	817	643	619	798	935	811	1043	858	1086	737	1119	727
Item 7	Sample Publisher	ISNI:4321432143214321	Platform 1	Author 7	2021-05-28		10.9999/xxxxi07	P1:I07				https://doi.org/10.9999/xxxxi07	Database 3				Database_Full		P1:DB3					Database_Full_Item	2021	Controlled	TDM	Unique_Item_Investigations	12742	1021	804	774	998	1169	1013	1304	1073	1358	921	1399	908
Item 7	Sample Publisher	ISNI:4321432143214321	Platform 1	Author 7	2021-05-28		10.9999/xxxxi07	P1:I07				https://doi.org/10.9999/xxxxi07	Database 3				Database_Full		P1:DB3					Database_Full_Item	2021	Controlled	TDM	Unique_Item_Requests	7645	613	482	464	599	701	608	782	644	815	553	839	545
Item 8	Sample Publisher	ISNI:4321432143214321	Platform 1	Author 8	2020-09-10		10.9999/xxxxi08	P1:I08				https://doi.org/10.9999/xxxxi08												Dataset	2020	Open	Regular	Total_Item_Investigations	17713	1329	1501	1276	1950	1056	1066	1383	1914	1848	1992	1349	1049
Item 8	Sample Publisher	ISNI:4321432143214321	Platform 1	Author 8	2020-09-10		10.9999/xxxxi08	P1:I08				https://doi.org/10.9999/xxxxi08												Dataset	2020	Open	Regular	Total_Item_Requests	10628	797	901	766	1170	634	640	830	1148	1109	1195	809	629
Item 8	Sample Publisher	ISNI:4321432143214321	Platform 1	Author 8	2020-09-10		10.9999/xxxxi08	P1:I08				https://doi.org/10.9999/xxxxi08												Dataset	2020	Open	Regular	Unique_Item_Investigations	13287	997	1126	957	1463	792	800	1037	1436	1386	1494	1012	787
Item 8	Sample Publisher	ISNI:4321432143214321	Platform 1	Author 8	2020-09-10		10.9999/xxxxi08	P1:I08				https://doi.org/10.9999/xxxxi08												Dataset	2020	Open	Regular	Unique_Item_Requests	7974	598	676	575	878	476	480	623	861	832	896	607	472
Item 8	Sample Publisher	ISNI:4321432143214321	Platform 1	Author 8	2020-09-10		10.9999/xxxxi08	P1:I08				https://doi.org/10.9999/xxxxi08												Dataset	2020	Open	TDM	Total_Item_Investigations	19231	1039	1537	1692	1931	1574	1597	1503	1982	1780	1349	1960	1287
Item 8	Sample Publisher	ISNI:4321432143214321	Platform 1	Author 8	2020-09-10		10.9999/xxxxi08	P1:I08				https://doi.org/10.9999/xxxxi08												Dataset	2020	Open	TDM	Total_Item_Requests	11537	623	922	1015	1159	944	958	902	1189	1068	809	1176	772
Item 8	Sample Publisher	ISNI:4321432143214321	Platform 1	Author 8	2020-09-10		10.9999/xxxxi08	P1:I08				https://doi.org/10.9999/xxxxi08												Dataset	2020	Open	TDM	Unique_Item_Investigations	14424	779	1153	1269	1448	1181	1198	1127	1487	1335	1012	1470	965
Item 8	Sample Publisher	ISNI:4321432143214321	Platform 1	Author 8	2020-09-10		10.9999/xxxxi08	P1:I08				https://doi.org/10.9999/xxxxi08												Dataset	2020	Open	TDM	Unique_Item_Requests	8654	467	692	761	869	708	719	677	892	801	607	882	579
Item 9	Sample Publisher	ISNI:4321432143214321	Platform 1	Author 9	2019-08-26		10.9999/xxxxi09	P1:I09				https://doi.org/10.9999/xxxxi09												Image	2019	Controlled	Regular	Limit_Exceeded	779	45	47	41	81	62	61	86	70	89	69	85	43
Item 9	Sample Publisher	ISNI:4321432143214321	Platform 1	Author 9	2019-08-26		10.9999/xxxxi09	P1:I09				https://doi.org/10.9999/xxxxi09												Image	2019	Controlled	Regular	No_License	656	44	76	64	43	88	33	32	42	33	73	66	62
Item 9	Sample Publisher	ISNI:4321432143214321	Platform 1	Author 9	2019-08-26		10.9999/xxxxi09	P1:I09				https://doi.org/10.9999/xxxxi09												Image	2019	Controlled	Regular	Total_Item_Investigations	17665	1732	1194	1867	1977	1005	1893	1325	1851	1233	1113	1281	1194
Item 9	Sample Publisher	ISNI:4321432143214321	Platform 1	Author 9	2019-08-26		10.9999/xxxxi09	P1:I09				https://doi.org/10.9999/xxxxi09												Image	2019	Controlled	Regular	Total_Item_Requests	10599	1039	716	1120	1186	603	1136	795	1111	740	668	769	716
Item 9	Sample Publisher	ISNI:4321432143214321	Platform 1	Author 9	2019-08-26		10.9999/xxxxi09	P1:I09				https://doi.org/10.9999/xxxxi09												Image	2019	Controlled	Regular	Unique_Item_Investigations	13251	1299	896	1400	1483	754	1420	994	1388	925	835	961	896
Item 9	Sample Publisher	ISNI:4321432143214321	Platform 1	Author 9	2019-08-26		10.9999/xxxxi09	P1:I09				https://doi.org/10.9999/xxxxi09												Image	2019	Controlled	Regular	Unique_Item_Requests	7949	779	537	840	890	452	852	596	833	555	501	577	537
Item 9	Sample Publisher	ISNI:4321432143214321	Platform 1	Author 9	2019-08-26		10.9999/xxxxi09	P1:I09				https://doi.org/10.9999/xxxxi09												Image	2019	Controlled	TDM	Limit_Exceeded	778	59	84	83	65	47	82	55	89	39	50	69	56
Item 9	Sample Publisher	ISNI:4321432143214321	Platform 1	Author 9	2019-08-26		10.9999/xxxxi09	P1:I09				https://doi.org/10.9999/xxxxi09												Image	2019	Controlled	TDM	No_License	671	51	37	83	32	61	72	47	52	86	74	39	37
Item 9	Sample Publisher	ISNI:4321432143214321	Platform 1	Author 9	2019-08-26		10.9999/xxxxi09	P1:I09				https://doi.org/10.9999/xxxxi09												Image	2019	Controlled	TDM	Total_Item_Investigations	18798	1380	1852	1772	1321	1087	1658	1755	1297	1572	1486	1798	1820
Item 9	Sample Publisher	ISNI:4321432143214321	Platform 1	Author 9	2019-08-26		10.9999/xxxxi09	P1:I09				https://doi.org/10.9999/xxxxi09												Image	2019	Controlled	TDM	Total_Item_Requests	11279	828	1111	1063	793	652	995	1053	778	943	892	1079	1092
Item 9	Sample Publisher	ISNI:4321432143214321	Platform 1	Author 9	2019-08-26		10.9999/xxxxi09	P1:I09				https://doi.org/10.9999/xxxxi09												Image	2019	Controlled	TDM	Unique_Item_Investigations	14100	1035	1389	1329	991	815	1244	1316	973	1179	1115	1349	1365
Item 9	Sample Publisher	ISNI:4321432143214321	Platform 1	Author 9	2019-08-26		10.9999/xxxxi09	P1:I09				https://doi.org/10.9999/xxxxi09												Image	2019	Controlled	TDM	Unique_Item_Requests	8459	621	833	797	595	489	746	790	584	707	669	809	819
Item 10	Sample Publisher	ISNI:4321432143214321	Platform 1	Author 10	2021-07-20		10.9999/xxxxi10	P1:I10				https://doi.org/10.9999/xxxxi10												Interactive_Resource	2021	Controlled	Regular	Limit_Exceeded	838	72	81	66	55	46	90	78	78	68	52	69	83
Item 10	Sample Publisher	ISNI:4321432143214321	Platform 1	Author 10	2021-07-20		10.9999/xxxxi10	P1:I10				https://doi.org/10.9999/xxxxi10												Interactive_Resource	2021	Controlled	Regular	No_License	651	83	43	61	32	59	40	61	44	55	76	43	54
Item 10	Sample Publisher	ISNI:4321432143214321	Platform 1	Author 10	2021-07-20		10.9999/xxxxi10	P1:I10				https://doi.org/10.9999/xxxxi10												Interactive_Resource	2021	Controlled	Regular	Total_Item_Investigations	19421	1769	1947	1060	1198	1778	1889	1616	1812	1430	1550	1596	1776
Item 10	Sample Publisher	ISNI:4321432143214321	Platform 1	Author 10	2021-07-20		10.9999/xxxxi10	P1:I10				https://doi.org/10.9999/xxxxi10												Interactive_Resource	2021	Controlled	Regular	Total_Item_Requests	11653	1061	1168	636	719	1067	1133	970	1087	858	930	958	1066
Item 10	Sample Publisher	ISNI:4321432143214321	Platform 1	Author 10	2021-07-20		10.9999/xxxxi10	P1:I10				https://doi.org/10.9999/xxxxi10												Interactive_Resource	2021	Controlled	Regular	Unique_Item_Investigations	14568	1327	1460	795	899	1334	1417	1212	1359	1073	1163	1197	1332
Item 10	Sample Publisher	ISNI:4321432143214321	Platform 1	Author 10	2021-07-20		10.9999/xxxxi10	P1:I10				https://doi.org/10.9999/xxxxi10												Interactive_Resource	2021	Controlled	Regular	Unique_Item_Requests	8742	796	876	477	539	800	850	728	815	644	698	719	800
Item 10	Sample Publisher	ISNI:4321432143214321	Platform 1	Author 10	2021-07-20		10.9999/xxxxi10	P1:I10				https://doi.org/10.9999/xxxxi10												Interactive_Resource	2021	Controlled	TDM	Limit_Exceeded	740	54	77	62	38	38	77	80	56	71	37	83	67
Item 10	Sample Publisher	ISNI:4321432143214321	Platform 1	Author 10	2021-07-20		10.9999/xxxxi10	P1:I10				https://doi.org/10.9999/xxxxi10												Interactive_Resource	2021	Controlled	TDM	No_License	697	45	31	70	33	52	80	85	76	40	71	71	43
Item 10	Sample Publisher	ISNI:4321432143214321	Platform 1	Author 10	2021-07-20		10.9999/xxxxi10	P1:I10				https://doi.org/10.9999/xxxxi10												Interactive_Resource	2021	Controlled	TDM	Total_Item_Investigations	18161	1621	1852	1658	1000	1319	1667	1668	1786	1020	1604	1360	1606
Item 10	Sample Publisher	ISNI:4321432143214321	Platform 1	Author 10	2021-07-20		10.9999/xxxxi10	P1:I10				https://doi.org/10.9999/xxxxi10												Interactive_Resource	2021	Controlled	TDM	Total_Item_Requests	10897	973	1111	995	600	791	1000	1001	1072	612	962	816	964
Item 10	Sample Publisher	ISNI:4321432143214321	Platform 1	Author 10	2021-07-20		10.9999/xxxxi10	P1:I10				https://doi.org/10.9999/xxxxi10												Interactive_Resource	2021	Controlled	TDM	Unique_Item_Investigations	13622	1216	1389	1244	750	989	1250	1251	1340	765	1203	1020	1205
Item 10	Sample Publisher	ISNI:4321432143214321	Platform 1	Author 10	2021-07-20		10.9999/xxxxi10	P1:I10				https://doi.org/10.9999/xxxxi10												Interactive_Resource	2021	Controlled	TDM	Unique_Item_Requests	8173	730	833	746	450	593	750	751	804	459	722	612	723
Item 11	Sample Publisher	ISNI:4321432143214321	Platform 1	Author 11	2022-09-19		10.9999/xxxxi11	P1:I11				https://doi.org/10.9999/xxxxi11	Title 3				Journal	10.9999/xxxxt03	P1:T03			1234-4321	https://doi.org/10.9999/xxxxt03	Article	2022	Controlled	Regular	Limit_Exceeded	765	87	88	45	73	67	36	51	52	71	84	35	76
Item 11	Sample Publisher	ISNI:4321432143214321	Platform 1	Author 11	2022-09-19		10.9999/xxxxi11	P1:I11				https://doi.org/10.9999/xxxxi11	Title 3				Journal	10.9999/xxxxt03	P1:T03			1234-4321	https://doi.org/10.9999/xxxxt03	Article	2022	Controlled	Regular	No_License	638	48	80	37	42	37	76	47	80	42	30	74	45
Item 11	Sample Publisher	ISNI:4321432143214321	Platform 1	Author 11	2022-09-19		10.9999/xxxxi11	P1:I11				https://doi.org/10.9999/xxxxi11	Title 3				Journal	10.9999/xxxxt03	P1:T03			1234-4321	https://doi.org/10.9999/xxxxt03	Article	2022	Controlled	Regular	Total_Item_Investigations	4213	250	412	406	321	389	362	368	254	257	400	294	500
Item 11	Sample Publisher	ISNI:4321432143214321	Platform 1	Author 11	2022-09-19		10.9999/xxxxi11	P1:I11				https://doi.org/10.9999/xxxxi11	Title 3				Journal	10.9999/xxxxt03	P1:T03			1234-4321	https://doi.org/10.9999/xxxxt03	Article	2022	Controlled	Regular	Total_Item_Requests	2526	150	247	243	193	233	217	221	152	154	240	176	300
Item 11	Sample Publisher	ISNI:4321432143214321	Platform 1	Author 11	2022-09-19		10.9999/xxxxi11	P1:I11				https://doi.org/10.9999/xxxxi11	Title 3				Journal	10.9999/xxxxt03	P1:T03			1234-4321	https://doi.org/10.9999/xxxxt03	Article	2022	Controlled	Regular	Unique_Item_Investigations	3160	188	309	304	241	291	272	276	190	193	300	221	375
Item 11	Sample Publisher	ISNI:4321432143214321	Platform 1	Author 11	2022-09-19		10.9999/xxxxi11	P1:I11				https://doi.org/10.9999/xxxxi11	Title 3				Journal	10.9999/xxxxt03	P1:T03			1234-4321	https://doi.org/10.9999/xxxxt03	Article	2022	Controlled	Regular	Unique_Item_Requests	1896	113	186	183	144	175	163	165	114	116	180	132	225
Item 11	Sample Publisher	ISNI:4321432143214321	Platform 1	Author 11	2022-09-19		10.9999/xxxxi11	P1:I11				https://doi.org/10.9999/xxxxi11	Title 3				Journal	10.9999/xxxxt03	P1:T03			1234-4321	https://doi.org/10.9999/xxxxt03	Article	2022	Controlled	TDM	Limit_Exceeded	713	80	54	31	68	83	31	40	71	69	55	57	74
Item 11	Sample Publisher	ISNI:4321432143214321	Platform 1	Author 11	2022-09-19		10.9999/xxxxi11	P1:I11				https://doi.org/10.9999/xxxxi11	Title 3				Journal	10.9999/xxxxt03	P1:T03			1234-4321	https://doi.org/10.9999/xxxxt03	Article	2022	Controlled	TDM	No_License	712	79	85	55	45	34	52	45	50	73	35	88	71
Item 11	Sample Publisher	ISNI:4321432143214321	Platform 1	Author 11	2022-09-19		10.9999/xxxxi11	P1:I11				https://doi.org/10.9999/xxxxi11	Title 3				Journal	10.9999/xxxxt03	P1:T03			1234-4321	https://doi.org/10.9999/xxxxt03	Article	2022	Controlled	TDM	Total_Item_Investigations	4778	361	303	263	490	311	425	328	475	474	495	370	483
Item 11	Sample Publisher	ISNI:4321432143214321	Platform 1	Author 11	2022-09-19		10.9999/xxxxi11	P1:I11				https://doi.org/10.9999/xxxxi11	Title 3				Journal	10.9999/xxxxt03	P1:T03			1234-4321	https://doi.org/10.9999/xxxxt03	Article	2022	Controlled	TDM	Total_Item_Requests	2867	216	182	158	294	186	255	197	285	285	297	222	290
Item 11	Sample Publisher	ISNI:4321432143214321	Platform 1	Author 11	2022-09-19		10.9999/xxxxi11	P1:I11				https://doi.org/10.9999/xxxxi11	Title 3				Journal	10.9999/xxxxt03	P1:T03			1234-4321	https://doi.org/10.9999/xxxxt03	Article	2022	Controlled	TDM	Unique_Item_Investigations	3585	271	228	198	368	233	319	246	356	356	371	277	362
Item 11	Sample Publisher	ISNI:4321432143214321	Platform 1	Author 11	2022-09-19		10.9999/xxxxi11	P1:I11				https://doi.org/10.9999/xxxxi11	Title 3				Journal	10.9999/xxxxt03	P1:T03			1234-4321	https://doi.org/10.9999/xxxxt03	Article	2022	Controlled	TDM	Unique_Item_Requests	2149	162	136	118	221	140	191	148	214	213	223	166	217
Item 12	Sample Publisher	ISNI:4321432143214321	Platform 1	Author 12	2022-10-01		10.9999/xxxxi12	P1:I12				https://doi.org/10.9999/xxxxi12	Title 3				Journal	10.9999/xxxxt03	P1:T03			1234-4321	https://doi.org/10.9999/xxxxt03	Article	2022	Open	Regular	Total_Item_Investigations	12640	752	1238	1217	964	1166	1087	1103	761	771	1199	883	1499
Item 12	Sample Publisher	ISNI:4321432143214321	Platform 1	Author 12	2022-10-01		10.9999/xxxxi12	P1:I12				https://doi.org/10.9999/xxxxi12	Title 3				Journal	10.9999/xxxxt03	P1:T03			1234-4321	https://doi.org/10.9999/xxxxt03	Article	2022	Open	Regular	Total_Item_Requests	7585	451	743	731	578	700	652	662	457	463	719	530	899
Item 12	Sample Publisher	ISNI:4321432143214321	Platform 1	Author 12	2022-10-01		10.9999/xxxxi12	P1:I12				https://doi.org/10.9999/xxxxi12	Title 3				Journal	10.9999/xxxxt03	P1:T03			1234-4321	https://doi.org/10.9999/xxxxt03	Article	2022	Open	Regular	Unique_Item_Investigations	9480	564	929	913	723	875	815	827	571	578	899	662	1124
Item 12	Sample Publisher	ISNI:4321432143214321	Platform 1	Author 12	2022-10-01		10.9999/xxxxi12	P1:I12				https://doi.org/10.9999/xxxxi12	Title 3				Journal	10.9999/xxxxt03	P1:T03			1234-4321	https://doi.org/10.9999/xxxxt03	Article	2022	Open	Regular	Unique_Item_Requests	5689	338	557	548	434	525	489	497	343	347	539	398	674
Item 12	Sample Publisher	ISNI:4321432143214321	Platform 1	Author 12	2022-10-01		10.9999/xxxxi12	P1:I12				https://doi.org/10.9999/xxxxi12	Title 3				Journal	10.9999/xxxxt03	P1:T03			1234-4321	https://doi.org/10.9999/xxxxt03	Article	2022	Open	TDM	Total_Item_Investigations	14343	1083	911	791	1472	932	1277	985	1425	1424	1485	1110	1448
Item 12	Sample Publisher	ISNI:4321432143214321	Platform 1	Author 12	2022-10-01		10.9999/xxxxi12	P1:I12				https://doi.org/10.9999/xxxxi12	Title 3				Journal	10.9999/xxxxt03	P1:T03			1234-4321	https://doi.org/10.9999/xxxxt03	Article	2022	Open	TDM	Total_Item_Requests	8605	650	546	474	883	560	766	591	855	854	891	666	869
Item 12	Sample Publisher	ISNI:4321432143214321	Platform 1	Author 12	2022-10-01		10.9999/xxxxi12	P1:I12				https://doi.org/10.9999/xxxxi12	Title 3				Journal	10.9999/xxxxt03	P1:T03			1234-4321	https://doi.org/10.9999/xxxxt03	Article	2022	Open	TDM	Unique_Item_Investigations	10758	812	683	593	1104	699	958	739	1069	1068	1114	833	1086
Item 12	Sample Publisher	ISNI:4321432143214321	Platform 1	Author 12	2022-10-01		10.9999/xxxxi12	P1:I12				https://doi.org/10.9999/xxxxi12	Title 3				Journal	10.9999/xxxxt03	P1:T03			1234-4321	https://doi.org/10.9999/xxxxt03	Article	2022	Open	TDM	Unique_Item_Requests	6456	488	410	356	662	420	575	443	641	641	668	500	652
Item 13	Sample Publisher	ISNI:4321432143214321	Platform 1	Author 13	2020-12-29		10.9999/xxxxi13	P1:I13				https://doi.org/10.9999/xxxxi13												Multimedia	2020	Free_To_Read	Regular	Total_Item_Investigations	19546	1865	1891	1707	1559	1724	1071	1511	1327	1784	1575	1568	1964
Item 13	Sample Publisher	ISNI:4321432143214321	Platform 1	Author 13	2020-12-29		10.9999/xxxxi13	P1:I13				https://doi.org/10.9999/xxxxi13												Multimedia	2020	Free_To_Read	Regular	Total_Item_Requests	11727	1119	1135	1024	935	1034	643	907	796	1070	945	941	1178
Item 13	Sample Publisher	ISNI:4321432143214321	Platform 1	Author 13	2020-12-29		10.9999/xxxxi13	P1:I13				https://doi.org/10.9999/xxxxi13												Multimedia	2020	Free_To_Read	Regular	Unique_Item_Investigations	14658	1399	1418	1280	1169	1293	803	1133	995	1338	1181	1176	1473
Item 13	Sample Publisher	ISNI:4321432143214321	Platform 1	Author 13	2020-12-29		10.9999/xxxxi13	P1:I13				https://doi.org/10.9999/xxxxi13												Multimedia	2020	Free_To_Read	Regular	Unique_Item_Requests	8796	839	851	768	701	776	482	680	597	803	709	706	884
Item 13	Sample Publisher	ISNI:4321432143214321	Platform 1	Author 13	2020-12-29		10.9999/xxxxi13	P1:I13				https://doi.org/10.9999/xxxxi13												Multimedia	2020	Free_To_Read	TDM	Total_Item_Investigations	19218	1997	1786	1572	1791	1234	1835	1972	1328	1568	1186	1455	1494
Item 13	Sample Publisher	ISNI:4321432143214321	Platform 1	Author 13	2020-12-29		10.9999/xxxxi13	P1:I13				https://doi.org/10.9999/xxxxi13												Multimedia	2020	Free_To_Read	TDM	Total_Item_Requests	11531	1198	1072	943	1075	740	1101	1183	797	941	712	873	896
Item 13	Sample Publisher	ISNI:4321432143214321	Platform 1	Author 13	2020-12-29		10.9999/xxxxi13	P1:I13				https://doi.org/10.9999/xxxxi13												Multimedia	2020	Free_To_Read	TDM	Unique_Item_Investigations	14415	1498	1340	1179	1343	926	1376	1479	996	1176	890	1091	1121
Item 13	Sample Publisher	ISNI:4321432143214321	Platform 1	Author 13	2020-12-29		10.9999/xxxxi13	P1:I13				https://doi.org/10.9999/xxxxi13												Multimedia	2020	Free_To_Read	TDM	Unique_Item_Requests	8649	899	804	707	806	555	826	887	598	706	534	655	672
Item 14	Sample Publisher	ISNI:4321432143214321	Platform 1	Author 14	2018-01-13		10.9999/xxxxi14	P1:I14				https://doi.org/10.9999/xxxxi14												News_Item	2018	Free_To_Read	Regular	Total_Item_Investigations	16767	1687	1732	1025	1038	1274	1795	1408	1030	1220	1712	1191	1655
Item 14	Sample Publisher	ISNI:4321432143214321	Platform 1	Author 14	2018-01-13		10.9999/xxxxi14	P1:I14				https://doi.org/10.9999/xxxxi14												News_Item	2018	Free_To_Read	Regular	Total_Item_Requests	10060	1012	1039	615	623	764	1077	845	618	732	1027	715	993
Item 14	Sample Publisher	ISNI:4321432143214321	Platform 1	Author 14	2018-01-13		10.9999/xxxxi14	P1:I14				https://doi.org/10.9999/xxxxi14												News_Item	2018	Free_To_Read	Regular	Unique_Item_Investigations	12576	1265	1299	769	779	956	1346	1056	773	915	1284	893	1241
Item 14	Sample Publisher	ISNI:4321432143214321	Platform 1	Author 14	2018-01-13		10.9999/xxxxi14	P1:I14				https://doi.org/10.9999/xxxxi14												News_Item	2018	Free_To_Read	Regular	Unique_Item_Requests	7545	759	779	461	467	573	808	634	464	549	770	536	745
Item 14	Sample Publisher	ISNI:4321432143214321	Platform 1	Author 14	2018-01-13		10.9999/xxxxi14	P1:I14				https://doi.org/10.9999/xxxxi14												News_Item	2018	Free_To_Read	TDM	Total_Item_Investigations	16677	1927	1619	1183	1273	1102	1038	1102	1433	1333	1649	1042	1976
Item 14	Sample Publisher	ISNI:4321432143214321	Platform 1	Author 14	2018-01-13		10.9999/xxxxi14	P1:I14				https://doi.org/10.9999/xxxxi14												News_Item	2018	Free_To_Read	TDM	Total_Item_Requests	10006	1156	971	710	764	661	623	661	860	800	989	625	1186
Item 14	Sample Publisher	ISNI:4321432143214321	Platform 1	Author 14	2018-01-13		10.9999/xxxxi14	P1:I14				https://doi.org/10.9999/xxxxi14												News_Item	2018	Free_To_Read	TDM	Unique_Item_Investigations	12510	1445	1214	887	955	827	779	827	1075	1000	1237	782	1482
Item 14	Sample Publisher	ISNI:4321432143214321	Platform 1	Author 14	2018-01-13		10.9999/xxxxi14	P1:I14				https://doi.org/10.9999/xxxxi14												News_Item	2018	Free_To_Read	TDM	Unique_Item_Requests	7506	867	728	533	573	496	467	496	645	600	742	469	890
Item 15	Sample Publisher	ISNI:4321432143214321	Platform 1	Author 15	2020-01-04		10.9999/xxxxi15	P1:I15				https://doi.org/10.9999/xxxxi15	Title 4				Newspaper_or_Newsletter	10.9999/xxxxt04	P1:T04			4321-4321	https://doi.org/10.9999/xxxxt04	News_Item	2020	Controlled	Regular	Limit_Exceeded	737	37	75	82	41	32	70	60	84	75	54	84	43
Item 15	Sample Publisher	ISNI:4321432143214321	Platform 1	Author 15	2020-01-04		10.9999/xxxxi15	P1:I15				https://doi.org/10.9999/xxxxi15	Title 4				Newspaper_or_Newsletter	10.9999/xxxxt04	P1:T04			4321-4321	https://doi.org/10.9999/xxxxt04	News_Item	2020	Controlled	Regular	No_License	776	87	33	77	77	52	78	65	59	36	78	88	46
Item 15	Sample Publisher	ISNI:4321432143214321	Platform 1	Author 15	2020-01-04		10.9999/xxxxi15	P1:I15				https://doi.org/10.9999/xxxxi15	Title 4				Newspaper_or_Newsletter	10.9999/xxxxt04	P1:T04			4321-4321	https://doi.org/10.9999/xxxxt04	News_Item	2020	Controlled	Regular	Total_Item_Investigations	17395	1773	1527	1366	1147	1920	1269	1249	1685	1193	1768	1157	1341
Item 15	Sample Publisher	ISNI:4321432143214321	Platform 1	Author 15	2020-01-04		10.9999/xxxxi15	P1:I15				https://doi.org/10.9999/xxxxi15	Title 4				Newspaper_or_Newsletter	10.9999/xxxxt04	P1:T04			4321-4321	https://doi.org/10.9999/xxxxt04	News_Item	2020	Controlled	Regular	Total_Item_Requests	10437	1064	916	820	688	1152	761	749	1011	716	1061	694	805
Item 15	Sample Publisher	ISNI:4321432143214321	Platform 1	Author 15	2020-01-04		10.9999/xxxxi15	P1:I15				https://doi.org/10.9999/xxxxi15	Title 4				Newspaper_or_Newsletter	10.9999/xxxxt04	P1:T04			4321-4321	https://doi.org/10.9999/xxxxt04	News_Item	2020	Controlled	Regular	Unique_Item_Investigations	13048	1330	1145	1025	860	1440	952	937	1264	895	1326	868	1006
Item 15	Sample Publisher	ISNI:4321432143214321	Platform 1	Author 15	2020-01-04		10.9999/xxxxi15	P1:I15				https://doi.org/10.9999/xxxxi15	Title 4				Newspaper_or_Newsletter	10.9999/xxxxt04	P1:T04			4321-4321	https://doi.org/10.9999/xxxxt04	News_Item	2020	Controlled	Regular	Unique_Item_Requests	7829	798	687	615	516	864	571	562	758	537	796	521	604
Item 15	Sample Publisher	ISNI:4321432143214321	Platform 1	Author 15	2020-01-04		10.9999/xxxxi15	P1:I15				https://doi.org/10.9999/xxxxi15	Title 4				Newspaper_or_Newsletter	10.9999/xxxxt04	P1:T04			4321-4321	https://doi.org/10.9999/xxxxt04	News_Item	2020	Controlled	TDM	Limit_Exceeded	683	34	75	66	86	34	53	53	61	57	43	67	54
Item 15	Sample Publisher	ISNI:4321432143214321	Platform 1	Author 15	2020-01-04		10.9999/xxxxi15	P1:I15				https://doi.org/10.9999/xxxxi15	Title 4				Newspaper_or_Newsletter	10.9999/xxxxt04	P1:T04			4321-4321	https://doi.org/10.9999/xxxxt04	News_Item	2020	Controlled	TDM	No_License	695	82	49	74	45	66	30	70	35	70	32	74	68
Item 15	Sample Publisher	ISNI:4321432143214321	Platform 1	Author 15	2020-01-04		10.9999/xxxxi15	P1:I15				https://doi.org/10.9999/xxxxi15	Title 4				Newspaper_or_Newsletter	10.9999/xxxxt04	P1:T04			4321-4321	https://doi.org/10.9999/xxxxt04	News_Item	2020	Controlled	TDM	Total_Item_Investigations	17209	1836	1898	1561	1883	1657	1623	1143	1085	1039	1073	1149	1262
Item 15	Sample Publisher	ISNI:4321432143214321	Platform 1	Author 15	2020-01-04		10.9999/xxxxi15	P1:I15				https://doi.org/10.9999/xxxxi15	Title 4				Newspaper_or_Newsletter	10.9999/xxxxt04	P1:T04			4321-4321	https://doi.org/10.9999/xxxxt04	News_Item	2020	Controlled	TDM	Total_Item_Requests	10326	1102	1139	937	1130	994	974	686	651	623	644	689	757
Item 15	Sample Publisher	ISNI:4321432143214321	Platform 1	Author 15	2020-01-04		10.9999/xxxxi15	P1:I15				https://doi.org/10.9999/xxxxi15	Title 4				Newspaper_or_Newsletter	10.9999/xxxxt04	P1:T04			4321-4321	https://doi.org/10.9999/xxxxt04	News_Item	2020	Controlled	TDM	Unique_Item_Investigations	12908	1377	1424	1171	1412	1243	1217	857	814	779	805	862	947
Item 15	Sample Publisher	ISNI:4321432143214321	Platform 1	Author 15	2020-01-04		10.9999/xxxxi15	P1:I15				https://doi.org/10.9999/xxxxi15	Title 4				Newspaper_or_Newsletter	10.9999/xxxxt04	P1:T04			4321-4321	https://doi.org/10.9999/xxxxt04	News_Item	2020	Controlled	TDM	Unique_Item_Requests	7747	827	854	703	848	746	731	515	488	467	483	517	568
Item 16	Sample Publisher	ISNI:4321432143214321	Platform 1	Author 16	2019-11-01		10.9999/xxxxi16	P1:I16				https://doi.org/10.9999/xxxxi16												Other	2019	Free_To_Read	Regular	Total_Item_Investigations	17922	1730	1263	1787	1317	1497	1441	1154	1735	1881	1519	1379	1219
Item 16	Sample Publisher	ISNI:4321432143214321	Platform 1	Author 16	2019-11-01		10.9999/xxxxi16	P1:I16				https://doi.org/10.9999/xxxxi16												Other	2019	Free_To_Read	Regular	Total_Item_Requests	10752	1038	758	1072	790	898	865	692	1041	1129	911	827	731
Item 16	Sample Publisher	ISNI:4321432143214321	Platform 1	Author 16	2019-11-01		10.9999/xxxxi16	P1:I16				https://doi.org/10.9999/xxxxi16												Other	2019	Free_To_Read	Regular	Unique_Item_Investigations	13442	1298	947	1340	988	1123	1081	866	1301	1411	1139	1034	914
Item 16	Sample Publisher	ISNI:4321432143214321	Platform 1	Author 16	2019-11-01		10.9999/xxxxi16	P1:I16				https://doi.org/10.9999/xxxxi16												Other	2019	Free_To_Read	Regular	Unique_Item_Requests	8066	779	569	804	593	674	649	519	781	847	683	620	548
Item 16	Sample Publisher	ISNI:4321432143214321	Platform 1	Author 16	2019-11-01		10.9999/xxxxi16	P1:I16				https://doi.org/10.9999/xxxxi16												Other	2019	Free_To_Read	TDM	Total_Item_Investigations	17135	1305	1871	1557	1338	1407	1003	1227	1944	1185	1362	1390	1546
Item 16	Sample Publisher	ISNI:4321432143214321	Platform 1	Author 16	2019-11-01		10.9999/xxxxi16	P1:I16				https://doi.org/10.9999/xxxxi16												Other	2019	Free_To_Read	TDM	Total_Item_Requests	10281	783	1123	934	803	844	602	736	1166	711	817	834	928
Item 16	Sample Publisher	ISNI:4321432143214321	Platform 1	Author 16	2019-11-01		10.9999/xxxxi16	P1:I16				https://doi.org/10.9999/xxxxi16												Other	2019	Free_To_Read	TDM	Unique_Item_Investigations	12853	979	1403	1168	1004	1055	752	920	1458	889	1022	1043	1160
Item 16	Sample Publisher	ISNI:4321432143214321	Platform 1	Author 16	2019-11-01		10.9999/xxxxi16	P1:I16				https://doi.org/10.9999/xxxxi16												Other	2019	Free_To_Read	TDM	Unique_Item_Requests	7712	587	842	701	602	633	452	552	875	533	613	626	696
Item 17	Sample Publisher	ISNI:4321432143214321	Platform 1	Author 17	2022-02-25		10.9999/xxxxi17	P1:I17				https://doi.org/10.9999/xxxxi17												Patent	2022	Controlled	Regular	Limit_Exceeded	762	48	90	74	35	46	82	77	84	32	66	88	40
Item 17	Sample Publisher	ISNI:4321432143214321	Platform 1	Author 17	2022-02-25		10.9999/xxxxi17	P1:I17				https://doi.org/10.9999/xxxxi17												Patent	2022	Controlled	Regular	No_License	781	48	76	46	32	84	68	86	79	85	59	66	52
Item 17	Sample Publisher	ISNI:4321432143214321	Platform 1	Author 17	2022-02-25		10.9999/xxxxi17	P1:I17				https://doi.org/10.9999/xxxxi17												Patent	2022	Controlled	Regular	Total_Item_Investigations	17958	1012	1074	1259	1781	1902	1718	1749	1979	1713	1516	1024	1231
Item 17	Sample Publisher	ISNI:4321432143214321	Platform 1	Author 17	2022-02-25		10.9999/xxxxi17	P1:I17				https://doi.org/10.9999/xxxxi17												Patent	2022	Controlled	Regular	Total_Item_Requests	10774	607	644	755	1069	1141	1031	1049	1187	1028	910	614	739
Item 17	Sample Publisher	ISNI:4321432143214321	Platform 1	Author 17	2022-02-25		10.9999/xxxxi17	P1:I17				https://doi.org/10.9999/xxxxi17												Patent	2022	Controlled	Regular	Unique_Item_Investigations	13470	759	806	944	1336	1427	1289	1312	1484	1285	1137	768	923
Item 17	Sample Publisher	ISNI:4321432143214321	Platform 1	Author 17	2022-02-25		10.9999/xxxxi17	P1:I17				https://doi.org/10.9999/xxxxi17												Patent	2022	Controlled	Regular	Unique_Item_Requests	8081	455	483	566	802	856	773	787	890	771	683	461	554
Item 17	Sample Publisher	ISNI:4321432143214321	Platform 1	Author 17	2022-02-25		10.9999/xxxxi17	P1:I17				https://doi.org/10.9999/xxxxi17												Patent	2022	Controlled	TDM	Limit_Exceeded	763	65	51	83	49	41	71	83	49	82	77	62	50
Item 17	Sample Publisher	ISNI:4321432143214321	Platform 1	Author 17	2022-02-25		10.9999/xxxxi17	P1:I17				https://doi.org/10.9999/xxxxi17												Patent	2022	Controlled	TDM	No_License	752	54	70	84	40	88	49	45	37	60	77	77	71
Item 17	Sample Publisher	ISNI:4321432143214321	Platform 1	Author 17	2022-02-25		10.9999/xxxxi17	P1:I17				https://doi.org/10.9999/xxxxi17												Patent	2022	Controlled	TDM	Total_Item_Investigations	15659	1653	1016	1164	1535	1105	1353	1089	1901	1182	1168	1023	1470
Item 17	Sample Publisher	ISNI:4321432143214321	Platform 1	Author 17	2022-02-25		10.9999/xxxxi17	P1:I17				https://doi.org/10.9999/xxxxi17												Patent	2022	Controlled	TDM	Total_Item_Requests	9396	992	610	698	921	663	812	653	1141	709	701	614	882
Item 17	Sample Publisher	ISNI:4321432143214321	Platform 1	Author 17	2022-02-25		10.9999/xxxxi17	P1:I17				https://doi.org/10.9999/xxxxi17												Patent	2022	Controlled	TDM	Unique_Item_Investigations	11746	1240	762	873	1151	829	1015	817	1426	887	876	767	1103
Item 17	Sample Publisher	ISNI:4321432143214321	Platform 1	Author 17	2022-02-25		10.9999/xxxxi17	P1:I17				https://doi.org/10.9999/xxxxi17												Patent	2022	Controlled	TDM	Unique_Item_Requests	7050	744	458	524	691	497	609	490	856	532	526	461	662
Item 18	Sample Publisher	ISNI:4321432143214321	Platform 1	Author 18	2021-09-03		10.9999/xxxxi18	P1:I18				https://doi.org/10.9999/xxxxi18												Reference_Item	2021	Open	Regular	Total_Item_Investigations	16215	1546	1408	1204	1207	1439	1887	1289	1276	1040	1431	1212	1276
Item 18	Sample Publisher	ISNI:4321432143214321	Platform 1	Author 18	2021-09-03		10.9999/xxxxi18	P1:I18				https://doi.org/10.9999/xxxxi18												Reference_Item	2021	Open	Regular	Total_Item_Requests	9729	928	845	722	724	863	1132	773	766	624	859	727	766
Item 18	Sample Publisher	ISNI:4321432143214321	Platform 1	Author 18	2021-09-03		10.9999/xxxxi18	P1:I18				https://doi.org/10.9999/xxxxi18												Reference_Item	2021	Open	Regular	Unique_Item_Investigations	12161	1160	1056	903	905	1079	1415	967	957	780	1073	909	957
Item 18	Sample Publisher	ISNI:4321432143214321	Platform 1	Author 18	2021-09-03		10.9999/xxxxi18	P1:I18				https://doi.org/10.9999/xxxxi18												Reference_Item	2021	Open	Regular	Unique_Item_Requests	7298	696	634	542	543	647	849	580	575	468	644	545	575
Item 18	Sample Publisher	ISNI:4321432143214321	Platform 1	Author 18	2021-09-03		10.9999/xxxxi18	P1:I18				https://doi.org/10.9999/xxxxi18												Reference_Item	2021	Open	TDM	Total_Item_Investigations	18872	1709	1354	1063	1890	1601	1566	1206	1442	1964	1120	1986	1971
Item 18	Sample Publisher	ISNI:4321432143214321	Platform 1	Author 18	2021-09-03		10.9999/xxxxi18	P1:I18				https://doi.org/10.9999/xxxxi18												Reference_Item	2021	Open	TDM	Total_Item_Requests	11324	1025	812	638	1134	961	940	724	865	1178	672	1192	1183
Item 18	Sample Publisher	ISNI:4321432143214321	Platform 1	Author 18	2021-09-03		10.9999/xxxxi18	P1:I18				https://doi.org/10.9999/xxxxi18												Reference_Item	2021	Open	TDM	Unique_Item_Investigations	14157	1282	1016	797	1418	1201	1175	905	1082	1473	840	1490	1478
Item 18	Sample Publisher	ISNI:4321432143214321	Platform 1	Author 18	2021-09-03		10.9999/xxxxi18	P1:I18				https://doi.org/10.9999/xxxxi18												Reference_Item	2021	Open	TDM	Unique_Item_Requests	8495	769	609	479	851	721	705	543	649	884	504	894	887
Item 19	Sample Publisher	ISNI:4321432143214321	Platform 1	Author 19	2019-06-26		10.9999/xxxxi19	P1:I19				https://doi.org/10.9999/xxxxi19	Title 7				Reference_Work	10.9999/xxxxt07	P1:T07	979-8-88888-888-9			https://doi.org/10.9999/xxxxt07	Reference_Item	2019	Controlled	Regular	Limit_Exceeded	760	84	84	49	66	62	48	49	69	34	39	86	90
Item 19	Sample Publisher	ISNI:4321432143214321	Platform 1	Author 19	2019-06-26		10.9999/xxxxi19	P1:I19				https://doi.org/10.9999/xxxxi19	Title 7				Reference_Work	10.9999/xxxxt07	P1:T07	979-8-88888-888-9			https://doi.org/10.9999/xxxxt07	Reference_Item	2019	Controlled	Regular	No_License	666	70	74	54	34	47	38	63	80	73	37	58	38
Item 19	Sample Publisher	ISNI:4321432143214321	Platform 1	Author 19	2019-06-26		10.9999/xxxxi19	P1:I19				https://doi.org/10.9999/xxxxi19	Title 7				Reference_Work	10.9999/xxxxt07	P1:T07	979-8-88888-888-9			https://doi.org/10.9999/xxxxt07	Reference_Item	2019	Controlled	Regular	Total_Item_Investigations	15523	1645	1022	1106	1431	1603	1051	1083	1322	1079	1344	1763	1074
Item 19	Sample Publisher	ISNI:4321432143214321	Platform 1	Author 19	2019-06-26		10.9999/xxxxi19	P1:I19				https://doi.org/10.9999/xxxxi19	Title 7				Reference_Work	10.9999/xxxxt07	P1:T07	979-8-88888-888-9			https://doi.org/10.9999/xxxxt07	Reference_Item	2019	Controlled	Regular	Total_Item_Requests	9314	987	613	664	859	962	631	650	793	647	806	1058	644
Item 19	Sample Publisher	ISNI:4321432143214321	Platform 1	Author 19	2019-06-26		10.9999/xxxxi19	P1:I19				https://doi.org/10.9999/xxxxi19	Title 7				Reference_Work	10.9999/xxxxt07	P1:T07	979-8-88888-888-9			https://doi.org/10.9999/xxxxt07	Reference_Item	2019	Controlled	Regular	Unique_Item_Investigations	11643	1234	767	830	1073	1202	788	812	992	809	1008	1322	806
Item 19	Sample Publisher	ISNI:4321432143214321	Platform 1	Author 19	2019-06-26		10.9999/xxxxi19	P1:I19				https://doi.org/10.9999/xxxxi19	Title 7				Reference_Work	10.9999/xxxxt07	P1:T07	979-8-88888-888-9			https://doi.org/10.9999/xxxxt07	Reference_Item	2019	Controlled	Regular	Unique_Item_Requests	7098	740	460	498	644	722	473	488	595	485	605	794	594
Item 19	Sample Publisher	ISNI:4321432143214321	Platform 1	Author 19	2019-06-26		10.9999/xxxxi19	P1:I19				https://doi.org/10.9999/xxxxi19	Title 7				Reference_Work	10.9999/xxxxt07	P1:T07	979-8-88888-888-9			https://doi.org/10.9999/xxxxt07	Reference_Item	2019	Controlled	TDM	Limit_Exceeded	745	46	39	72	51	35	67	85	35	79	70	77	89
Item 19	Sample Publisher	ISNI:4321432143214321	Platform 1	Author 19	2019-06-26		10.9999/xxxxi19	P1:I19				https://doi.org/10.9999/xxxxi19	Title 7				Reference_Work	10.9999/xxxxt07	P1:T07	979-8-88888-888-9			https://doi.org/10.9999/xxxxt07	Reference_Item	2019	Controlled	TDM	No_License	723	69	88	53	78	39	34	83	31	63	49	52	84
Item 19	Sample Publisher	ISNI:4321432143214321	Platform 1	Author 19	2019-06-26		10.9999/xxxxi19	P1:I19				https://doi.org/10.9999/xxxxi19	Title 7				Reference_Work	10.9999/xxxxt07	P1:T07	979-8-88888-888-9			https://doi.org/10.9999/xxxxt07	Reference_Item	2019	Controlled	TDM	Total_Item_Investigations	19634	1329	1472	1614	1827	1912	1610	1212	1710	1731	1959	1936	1322
Item 19	Sample Publisher	ISNI:4321432143214321	Platform 1	Author 19	2019-06-26		10.9999/xxxxi19	P1:I19				https://doi.org/10.9999/xxxxi19	Title 7				Reference_Work	10.9999/xxxxt07	P1:T07	979-8-88888-888-9			https://doi.org/10.9999/xxxxt07	Reference_Item	2019	Controlled	TDM	Total_Item_Requests	11779	797	883	968	1096	1147	966	727	1026	1039	1175	1162	793
Item 19	Sample Publisher	ISNI:4321432143214321	Platform 1	Author 19	2019-06-26		10.9999/xxxxi19	P1:I19				https://doi.org/10.9999/xxxxi19	Title 7				Reference_Work	10.9999/xxxxt07	P1:T07	979-8-88888-888-9			https://doi.org/10.9999/xxxxt07	Reference_Item	2019	Controlled	TDM	Unique_Item_Investigations	14394	1266	1030	1285	1190	1143	1284	1181	1135	1280	1170	1275	1155
Item 19	Sample Publisher	ISNI:4321432143214321	Platform 1	Author 19	2019-06-26		10.9999/xxxxi19	P1:I19				https://doi.org/10.9999/xxxxi19	Title 7				Reference_Work	10.9999/xxxxt07	P1:T07	979-8-88888-888-9			https://doi.org/10.9999/xxxxt07	Reference_Item	2019	Controlled	TDM	Unique_Item_Requests	10600	717	795	871	986	1032	869	654	923	935	1058	1046	714
Item 20	Sample Publisher	ISNI:4321432143214321	Platform 1	Author 20	2020-02-07		10.9999/xxxxi20	P1:I20				https://doi.org/10.9999/xxxxi20												Report	2020	Controlled	Regular	Limit_Exceeded	783	77	59	65	77	46	63	83	38	83	64	71	57
Item 20	Sample Publisher	ISNI:4321432143214321	Platform 1	Author 20	2020-02-07		10.9999/xxxxi20	P1:I20				https://doi.org/10.9999/xxxxi20												Report	2020	Controlled	Regular	No_License	812	73	67	62	59	75	57	60	84	70	70	63	72
Item 20	Sample Publisher	ISNI:4321432143214321	Platform 1	Author 20	2020-02-07		10.9999/xxxxi20	P1:I20				https://doi.org/10.9999/xxxxi20												Report	2020	Controlled	Regular	Total_Item_Investigations	19254	1381	1852	1726	1266	1407	1715	1656	1895	1365	1402	1757	1832
Item 20	Sample Publisher	ISNI:4321432143214321	Platform 1	Author 20	2020-02-07		10.9999/xxxxi20	P1:I20				https://doi.org/10.9999/xxxxi20												Report	2020	Controlled	Regular	Total_Item_Requests	11553	829	1111	1036	760	844	1029	994	1137	819	841	1054	1099
Item 20	Sample Publisher	ISNI:4321432143214321	Platform 1	Author 20	2020-02-07		10.9999/xxxxi20	P1:I20				https://doi.org/10.9999/xxxxi20												Report	2020	Controlled	Regular	Unique_Item_Investigations	14442	1036	1389	1295	950	1055	1286	1242	1421	1024	1052	1318	1374
Item 20	Sample Publisher	ISNI:4321432143214321	Platform 1	Author 20	2020-02-07		10.9999/xxxxi20	P1:I20				https://doi.org/10.9999/xxxxi20												Report	2020	Controlled	Regular	Unique_Item_Requests	8666	622	833	777	570	633	772	746	853	614	631	791	824
Item 20	Sample Publisher	ISNI:4321432143214321	Platform 1	Author 20	2020-02-07		10.9999/xxxxi20	P1:I20				https://doi.org/10.9999/xxxxi20												Report	2020	Controlled	TDM	Limit_Exceeded	711	38	86	66	70	68	63	31	90	65	65	35	34
Item 20	Sample Publisher	ISNI:4321432143214321	Platform 1	Author 20	2020-02-07		10.9999/xxxxi20	P1:I20				https://doi.org/10.9999/xxxxi20												Report	2020	Controlled	TDM	No_License	735	82	40	75	38	51	90	59	90	40	51	53	66
Item 20	Sample Publisher	ISNI:4321432143214321	Platform 1	Author 20	2020-02-07		10.9999/xxxxi20	P1:I20				https://doi.org/10.9999/xxxxi20												Report	2020	Controlled	TDM	Total_Item_Investigations	16789	1271	1827	1229	1289	1491	1295	1394	1360	1258	1187	1923	1265
Item 20	Sample Publisher	ISNI:4321432143214321	Platform 1	Author 20	2020-02-07		10.9999/xxxxi20	P1:I20				https://doi.org/10.9999/xxxxi20												Report	2020	Controlled	TDM	Total_Item_Requests	10073	763	1096	737	773	895	777	836	816	755	712	1154	759
Item 20	Sample Publisher	ISNI:4321432143214321	Platform 1	Author 20	2020-02-07		10.9999/xxxxi20	P1:I20				https://doi.org/10.9999/xxxxi20												Report	2020	Controlled	TDM	Unique_Item_Investigations	12592	953	1370	922	967	1118	971	1046	1020	944	890	1442	949
Item 20	Sample Publisher	ISNI:4321432143214321	Platform 1	Author 20	2020-02-07		10.9999/xxxxi20	P1:I20				https://doi.org/10.9999/xxxxi20												Report	2020	Controlled	TDM	Unique_Item_Requests	7555	572	822	553	580	671	583	627	612	566	534	866	569
Item 21	Sample Publisher	ISNI:4321432143214321	Platform 1	Author 21	2020-02-08		10.9999/xxxxi21	P1:I21				https://doi.org/10.9999/xxxxi21												Software	2020	Controlled	Regular	Limit_Exceeded	689	43	59	38	79	69	48	82	32	31	66	61	81
Item 21	Sample Publisher	ISNI:4321432143214321	Platform 1	Author 21	2020-02-08		10.9999/xxxxi21	P1:I21				https://doi.org/10.9999/xxxxi21												Software	2020	Controlled	Regular	No_License	582	31	44	61	60	43	30	32	33	58	70	53	67
Item 21	Sample Publisher	ISNI:4321432143214321	Platform 1	Author 21	2020-02-08		10.9999/xxxxi21	P1:I21				https://doi.org/10.9999/xxxxi21												Software	2020	Controlled	Regular	Total_Item_Investigations	18050	1187	1775	1416	1599	1829	1204	1125	1402	1427	1253	1901	1932
Item 21	Sample Publisher	ISNI:4321432143214321	Platform 1	Author 21	2020-02-08		10.9999/xxxxi21	P1:I21				https://doi.org/10.9999/xxxxi21												Software	2020	Controlled	Regular	Total_Item_Requests	10829	712	1065	850	959	1097	722	675	841	856	752	1141	1159
Item 21	Sample Publisher	ISNI:4321432143214321	Platform 1	Author 21	2020-02-08		10.9999/xxxxi21	P1:I21				https://doi.org/10.9999/xxxxi21												Software	2020	Controlled	Regular	Unique_Item_Investigations	13538	890	1331	1062	1199	1372	903	844	1052	1070	940	1426	1449
Item 21	Sample Publisher	ISNI:4321432143214321	Platform 1	Author 21	2020-02-08		10.9999/xxxxi21	P1:I21				https://doi.org/10.9999/xxxxi21												Software	2020	Controlled	Regular	Unique_Item_Requests	8123	534	799	638	719	823	542	506	631	642	564	856	869
Item 21	Sample Publisher	ISNI:4321432143214321	Platform 1	Author 21	2020-02-08		10.9999/xxxxi21	P1:I21				https://doi.org/10.9999/xxxxi21												Software	2020	Controlled	TDM	Limit_Exceeded	707	61	46	69	61	57	69	46	31	85	80	36	66
Item 21	Sample Publisher	ISNI:4321432143214321	Platform 1	Author 21	2020-02-08		10.9999/xxxxi21	P1:I21				https://doi.org/10.9999/xxxxi21												Software	2020	Controlled	TDM	No_License	746	55	46	47	57	45	47	83	85	46	69	83	83
Item 21	Sample Publisher	ISNI:4321432143214321	Platform 1	Author 21	2020-02-08		10.9999/xxxxi21	P1:I21				https://doi.org/10.9999/xxxxi21												Software	2020	Controlled	TDM	Total_Item_Investigations	19021	1780	1780	1445	1382	1706	1333	1789	1706	1853	1480	1359	1408
Item 21	Sample Publisher	ISNI:4321432143214321	Platform 1	Author 21	2020-02-08		10.9999/xxxxi21	P1:I21				https://doi.org/10.9999/xxxxi21												Software	2020	Controlled	TDM	Total_Item_Requests	11413	1068	1068	867	829	1024	800	1073	1024	1112	888	815	845
Item 21	Sample Publisher	ISNI:4321432143214321	Platform 1	Author 21	2020-02-08		10.9999/xxxxi21	P1:I21				https://doi.org/10.9999/xxxxi21												Software	2020	Controlled	TDM	Unique_Item_Investigations	14268	1335	1335	1084	1037	1280	1000	1342	1280	1390	1110	1019	1056
Item 21	Sample Publisher	ISNI:4321432143214321	Platform 1	Author 21	2020-02-08		10.9999/xxxxi21	P1:I21				https://doi.org/10.9999/xxxxi21												Software	2020	Controlled	TDM	Unique_Item_Requests	8560	801	801	650	622	768	600	805	768	834	666	611	634
Item 22	Sample Publisher	ISNI:4321432143214321	Platform 1	Author 22	2021-10-23		10.9999/xxxxi22	P1:I22				https://doi.org/10.9999/xxxxi22												Sound	2021	Controlled	Regular	Limit_Exceeded	637	32	32	59	81	70	42	45	43	65	78	44	46
Item 22	Sample Publisher	ISNI:4321432143214321	Platform 1	Author 22	2021-10-23		10.9999/xxxxi22	P1:I22				https://doi.org/10.9999/xxxxi22												Sound	2021	Controlled	Regular	No_License	695	55	36	41	87	50	39	54	64	58	66	88	57
Item 22	Sample Publisher	ISNI:4321432143214321	Platform 1	Author 22	2021-10-23		10.9999/xxxxi22	P1:I22				https://doi.org/10.9999/xxxxi22												Sound	2021	Controlled	Regular	Total_Item_Investigations	18451	1460	1905	1777	1231	1018	1398	1520	1337	1325	1973	1721	1786
Item 22	Sample Publisher	ISNI:4321432143214321	Platform 1	Author 22	2021-10-23		10.9999/xxxxi22	P1:I22				https://doi.org/10.9999/xxxxi22												Sound	2021	Controlled	Regular	Total_Item_Requests	11072	876	1143	1066	739	611	839	912	802	795	1184	1033	1072
Item 22	Sample Publisher	ISNI:4321432143214321	Platform 1	Author 22	2021-10-23		10.9999/xxxxi22	P1:I22				https://doi.org/10.9999/xxxxi22												Sound	2021	Controlled	Regular	Unique_Item_Investigations	13841	1095	1429	1333	923	764	1049	1140	1003	994	1480	1291	1340
Item 22	Sample Publisher	ISNI:4321432143214321	Platform 1	Author 22	2021-10-23		10.9999/xxxxi22	P1:I22				https://doi.org/10.9999/xxxxi22												Sound	2021	Controlled	Regular	Unique_Item_Requests	8304	657	857	800	554	458	629	684	602	596	888	775	804
Item 22	Sample Publisher	ISNI:4321432143214321	Platform 1	Author 22	2021-10-23		10.9999/xxxxi22	P1:I22				https://doi.org/10.9999/xxxxi22												Sound	2021	Controlled	TDM	Limit_Exceeded	802	59	73	86	47	89	70	64	88	73	49	56	48
Item 22	Sample Publisher	ISNI:4321432143214321	Platform 1	Author 22	2021-10-23		10.9999/xxxxi22	P1:I22				https://doi.org/10.9999/xxxxi22												Sound	2021	Controlled	TDM	No_License	709	48	80	85	52	55	36	50	40	76	84	50	53
Item 22	Sample Publisher	ISNI:4321432143214321	Platform 1	Author 22	2021-10-23		10.9999/xxxxi22	P1:I22				https://doi.org/10.9999/xxxxi22												Sound	2021	Controlled	TDM	Total_Item_Investigations	16518	1057	1924	1424	1478	1137	1279	1855	1074	1619	1172	1279	1220
Item 22	Sample Publisher	ISNI:4321432143214321	Platform 1	Author 22	2021-10-23		10.9999/xxxxi22	P1:I22				https://doi.org/10.9999/xxxxi22												Sound	2021	Controlled	TDM	Total_Item_Requests	9908	634	1154	854	887	682	767	1113	644	971	703	767	732
Item 22	Sample Publisher	ISNI:4321432143214321	Platform 1	Author 22	2021-10-23		10.9999/xxxxi22	P1:I22				https://doi.org/10.9999/xxxxi22												Sound	2021	Controlled	TDM	Unique_Item_Investigations	12389	793	1443	1068	1109	853	959	1391	806	1214	879	959	915
Item 22	Sample Publisher	ISNI:4321432143214321	Platform 1	Author 22	2021-10-23		10.9999/xxxxi22	P1:I22				https://doi.org/10.9999/xxxxi22												Sound	2021	Controlled	TDM	Unique_Item_Requests	7432	476	866	641	665	512	575	835	483	728	527	575	549
Item 23	Sample Publisher	ISNI:4321432143214321	Platform 1	Author 23	2022-12-03		10.9999/xxxxi23	P1:I23				https://doi.org/10.9999/xxxxi23												Standard	2022	Free_To_Read	Regular	Total_Item_Investigations	17783	1800	1721	1251	1301	1784	1539	1472	1772	1003	1441	1047	1652
Item 23	Sample Publisher	ISNI:4321432143214321	Platform 1	Author 23	2022-12-03		10.9999/xxxxi23	P1:I23				https://doi.org/10.9999/xxxxi23												Standard	2022	Free_To_Read	Regular	Total_Item_Requests	10670	1080	1033	751	781	1070	923	883	1063	602	865	628	991
Item 23	Sample Publisher	ISNI:4321432143214321	Platform 1	Author 23	2022-12-03		10.9999/xxxxi23	P1:I23				https://doi.org/10.9999/xxxxi23												Standard	2022	Free_To_Read	Regular	Unique_Item_Investigations	13337	1350	1291	938	976	1338	1154	1104	1329	752	1081	785	1239
Item 23	Sample Publisher	ISNI:4321432143214321	Platform 1	Author 23	2022-12-03		10.9999/xxxxi23	P1:I23				https://doi.org/10.9999/xxxxi23												Standard	2022	Free_To_Read	Regular	Unique_Item_Requests	8003	810	775	563	586	803	692	662	797	452	649	471	743
Item 23	Sample Publisher	ISNI:4321432143214321	Platform 1	Author 23	2022-12-03		10.9999/xxxxi23	P1:I23				https://doi.org/10.9999/xxxxi23												Standard	2022	Free_To_Read	TDM	Total_Item_Investigations	19015	1341	1606	1973	1350	1187	1870	1978	1451	1101	1953	1737	1468
Item 23	Sample Publisher	ISNI:4321432143214321	Platform 1	Author 23	2022-12-03		10.9999/xxxxi23	P1:I23				https://doi.org/10.9999/xxxxi23												Standard	2022	Free_To_Read	TDM	Total_Item_Requests	11411	805	964	1184	810	712	1122	1187	871	661	1172	1042	881
Item 23	Sample Publisher	ISNI:4321432143214321	Platform 1	Author 23	2022-12-03		10.9999/xxxxi23	P1:I23				https://doi.org/10.9999/xxxxi23												Standard	2022	Free_To_Read	TDM	Unique_Item_Investigations	14264	1006	1205	1480	1013	890	1403	1484	1088	826	1465	1303	1101
Item 23	Sample Publisher	ISNI:4321432143214321	Platform 1	Author 23	2022-12-03		10.9999/xxxxi23	P1:I23				https://doi.org/10.9999/xxxxi23												Standard	2022	Free_To_Read	TDM	Unique_Item_Requests	8560	604	723	888	608	534	842	890	653	496	879	782	661
Item 24	Sample Publisher	ISNI:4321432143214321	Platform 1	Author 24	2021-01-25		10.9999/xxxxi24	P1:I24				https://doi.org/10.9999/xxxxi24												Thesis_or_Dissertation	2021	Open	Regular	Total_Item_Investigations	19812	1970	1930	1981	1864	1148	1826	1572	1660	1836	1037	1182	1806
Item 24	Sample Publisher	ISNI:4321432143214321	Platform 1	Author 24	2021-01-25		10.9999/xxxxi24	P1:I24				https://doi.org/10.9999/xxxxi24												Thesis_or_Dissertation	2021	Open	Regular	Total_Item_Requests	11888	1182	1158	1189	1118	689	1096	943	996	1102	622	709	1084
Item 24	Sample Publisher	ISNI:4321432143214321	Platform 1	Author 24	2021-01-25		10.9999/xxxxi24	P1:I24				https://doi.org/10.9999/xxxxi24												Thesis_or_Dissertation	2021	Open	Regular	Unique_Item_Investigations	14862	1478	1448	1486	1398	861	1370	1179	1245	1377	778	887	1355
Item 24	Sample Publisher	ISNI:4321432143214321	Platform 1	Author 24	2021-01-25		10.9999/xxxxi24	P1:I24				https://doi.org/10.9999/xxxxi24												Thesis_or_Dissertation	2021	Open	Regular	Unique_Item_Requests	8919	887	869	892	839	517	822	707	747	827	467	532	813
Item 24	Sample Publisher	ISNI:4321432143214321	Platform 1	Author 24	2021-01-25		10.9999/xxxxi24	P1:I24				https://doi.org/10.9999/xxxxi24												Thesis_or_Dissertation	2021	Open	TDM	Total_Item_Investigations	16809	1426	1708	1326	1743	1858	1025	1112	1005	1046	1099	1601	1860
Item 24	Sample Publisher	ISNI:4321432143214321	Platform 1	Author 24	2021-01-25		10.9999/xxxxi24	P1:I24				https://doi.org/10.9999/xxxxi24												Thesis_or_Dissertation	2021	Open	TDM	Total_Item_Requests	10087	856	1025	796	1046	1115	615	667	603	628	659	961	1116
Item 24	Sample Publisher	ISNI:4321432143214321	Platform 1	Author 24	2021-01-25		10.9999/xxxxi24	P1:I24				https://doi.org/10.9999/xxxxi24												Thesis_or_Dissertation	2021	Open	TDM	Unique_Item_Investigations	12609	1070	1281	995	1307	1394	769	834	754	785	824	1201	1395
Item 24	Sample Publisher	ISNI:4321432143214321	Platform 1	Author 24	2021-01-25		10.9999/xxxxi24	P1:I24				https://doi.org/10.9999/xxxxi24												Thesis_or_Dissertation	2021	Open	TDM	Unique_Item_Requests	7565	642	769	597	785	836	461	500	452	471	494	721	837
Item 25	Sample Publisher	ISNI:4321432143214321	Platform 1	Author 25	2018-02-25		10.9999/xxxxi25	P1:I25				https://doi.org/10.9999/xxxxi25												Unspecified	2018	Controlled	Regular	Limit_Exceeded	752	38	84	70	57	87	49	54	58	61	58	69	67
Item 25	Sample Publisher	ISNI:4321432143214321	Platform 1	Author 25	2018-02-25		10.9999/xxxxi25	P1:I25				https://doi.org/10.9999/xxxxi25												Unspecified	2018	Controlled	Regular	No_License	672	66	62	42	40	55	74	35	60	49	70	72	47
Item 25	Sample Publisher	ISNI:4321432143214321	Platform 1	Author 25	2018-02-25		10.9999/xxxxi25	P1:I25				https://doi.org/10.9999/xxxxi25												Unspecified	2018	Controlled	Regular	Total_Item_Investigations	17882	1011	1828	1830	1705	1081	1284	1836	1249	1883	1568	1382	1225
Item 25	Sample Publisher	ISNI:4321432143214321	Platform 1	Author 25	2018-02-25		10.9999/xxxxi25	P1:I25				https://doi.org/10.9999/xxxxi25												Unspecified	2018	Controlled	Regular	Total_Item_Requests	10730	607	1097	1098	1023	649	770	1102	749	1130	941	829	735
Item 25	Sample Publisher	ISNI:4321432143214321	Platform 1	Author 25	2018-02-25		10.9999/xxxxi25	P1:I25				https://doi.org/10.9999/xxxxi25												Unspecified	2018	Controlled	Regular	Unique_Item_Investigations	13413	758	1371	1373	1279	811	963	1377	937	1412	1176	1037	919
Item 25	Sample Publisher	ISNI:4321432143214321	Platform 1	Author 25	2018-02-25		10.9999/xxxxi25	P1:I25				https://doi.org/10.9999/xxxxi25												Unspecified	2018	Controlled	Regular	Unique_Item_Requests	8050	455	823	824	767	487	578	827	562	848	706	622	551
Item 25	Sample Publisher	ISNI:4321432143214321	Platform 1	Author 25	2018-02-25		10.9999/xxxxi25	P1:I25				https://doi.org/10.9999/xxxxi25												Unspecified	2018	Controlled	TDM	Limit_Exceeded	686	71	51	63	35	86	52	75	54	42	38	68	51
Item 25	Sample Publisher	ISNI:4321432143214321	Platform 1	Author 25	2018-02-25		10.9999/xxxxi25	P1:I25				https://doi.org/10.9999/xxxxi25												Unspecified	2018	Controlled	TDM	No_License	726	86	50	39	48	46	81	52	58	54	56	69	87
Item 25	Sample Publisher	ISNI:4321432143214321	Platform 1	Author 25	2018-02-25		10.9999/xxxxi25	P1:I25				https://doi.org/10.9999/xxxxi25												Unspecified	2018	Controlled	TDM	Total_Item_Investigations	19470	1798	1426	1838	1791	1319	1700	1070	1449	1925	1579	1724	1851
Item 25	Sample Publisher	ISNI:4321432143214321	Platform 1	Author 25	2018-02-25		10.9999/xxxxi25	P1:I25				https://doi.org/10.9999/xxxxi25												Unspecified	2018	Controlled	TDM	Total_Item_Requests	11682	1079	856	1103	1075	791	1020	642	869	1155	947	1034	1111
Item 25	Sample Publisher	ISNI:4321432143214321	Platform 1	Author 25	2018-02-25		10.9999/xxxxi25	P1:I25				https://doi.org/10.9999/xxxxi25												Unspecified	2018	Controlled	TDM	Unique_Item_Investigations	14604	1349	1070	1379	1343	989	1275	803	1087	1444	1184	1293	1388
Item 25	Sample Publisher	ISNI:4321432143214321	Platform 1	Author 25	2018-02-25		10.9999/xxxxi25	P1:I25				https://doi.org/10.9999/xxxxi25												Unspecified	2018	Controlled	TDM	Unique_Item_Requests	8761	809	642	827	806	593	765	482	652	866	710	776	833
